<?xml version="1.0" encoding="utf-8"?>
<odoo>
    <data noupdate="1">

<!--        <record id="product_product_branch_rule" model="ir.rule">-->
<!--            <field name="name">Product multi-branches</field>-->
<!--            <field name="model_id" ref="model_product_product"/>-->
<!--            <field name="domain_force">['|',('branch_id','=',False),('branch_id','=',user.branch_id.id)]</field>-->
<!--        </record>-->
<!--        <record id="product_partner_branch_rule" model="ir.rule">-->
<!--            <field name="name">Partner multi-branches</field>-->
<!--            <field name="model_id" ref="account_move_name_sequence.model_res_partner"/>-->
<!--            <field name="domain_force">['|',('branch_id','=',False),('branch_id','=',user.branch_id.id)]</field>-->
<!--        </record>-->

    </data>
</odoo>